id,creation_time,property1,property2,property3,property4,property5,failed,time_of_death,type,participant_id,number,question,response
1,2018-05-06 12:44:30.187133,,,,,,f,,question,1,1,instr,0
2,2018-05-06 12:44:30.207306,,,,,,f,,question,1,2,engagement,5
3,2018-05-06 12:44:30.231055,,,,,,f,,question,1,3,edu,2
4,2018-05-06 12:44:30.253516,,,,,,f,,question,1,4,gender,0
5,2018-05-06 12:44:52.857283,,,,,,f,,question,2,1,instr,0
6,2018-05-06 12:44:52.876637,,,,,,f,,question,2,2,engagement,5
7,2018-05-06 12:44:52.894869,,,,,,f,,question,2,3,edu,0
8,2018-05-06 12:44:52.921433,,,,,,f,,question,2,4,gender,2
