id,creation_time,property1,property2,property3,property4,property5,failed,time_of_death,type,participant_id,number,question,response
1,2018-05-06 12:38:02.288157,,,,,,f,,question,1,1,instr,42
2,2018-05-06 12:38:02.310235,,,,,,f,,question,1,2,engagement,5
3,2018-05-06 12:38:02.333935,,,,,,f,,question,1,3,language,dfs
4,2018-05-06 12:38:02.35163,,,,,,f,,question,1,4,edu,42
5,2018-05-06 12:38:02.371703,,,,,,f,,question,1,5,gender,42
6,2018-05-06 12:38:02.390602,,,,,,f,,question,1,6,age,asd
7,2018-05-06 12:38:02.406405,,,,,,f,,question,1,7,enjoy,42
8,2018-05-06 12:38:02.428708,,,,,,f,,question,1,8,comments,fas
9,2018-05-06 12:38:02.4515,,,,,,f,,question,1,9,"",""
10,2018-05-06 12:38:02.472986,,,,,,f,,question,1,10,"",""
11,2018-05-06 12:38:19.062124,,,,,,f,,question,2,1,instr,42
12,2018-05-06 12:38:19.083693,,,,,,f,,question,2,2,engagement,5
13,2018-05-06 12:38:19.10856,,,,,,f,,question,2,3,language,df
14,2018-05-06 12:38:19.137718,,,,,,f,,question,2,4,edu,42
15,2018-05-06 12:38:41.715293,,,,,,f,,question,3,1,instr,0
16,2018-05-06 12:38:41.735913,,,,,,f,,question,3,2,engagement,7
17,2018-05-06 12:38:41.759977,,,,,,f,,question,3,3,language,sdf
18,2018-05-06 12:39:07.389385,,,,,,f,,question,4,1,instr,0
19,2018-05-06 12:39:07.415789,,,,,,f,,question,4,2,engagement,5
20,2018-05-06 12:39:07.438238,,,,,,f,,question,4,3,language,asdf
