id,creation_time,property1,property2,property3,property4,property5,failed,time_of_death,type,participant_id,number,question,response
1,2018-05-06 12:53:53.412289,,,,,,f,,question,1,1,instr,0
2,2018-05-06 12:53:53.442453,,,,,,f,,question,1,2,engagement,5
3,2018-05-06 12:53:53.465049,,,,,,f,,question,1,3,language,nbv
4,2018-05-06 12:53:53.490352,,,,,,f,,question,1,4,edu,0
5,2018-05-06 12:54:20.923913,,,,,,f,,question,2,1,instr,0
6,2018-05-06 12:54:20.943633,,,,,,f,,question,2,2,engagement,5
7,2018-05-06 12:54:20.963815,,,,,,f,,question,2,3,language,mvb
8,2018-05-06 12:54:20.993168,,,,,,f,,question,2,4,edu,0
