id,creation_time,property1,property2,property3,property4,property5,failed,time_of_death,type,participant_id,number,question,response
1,2018-05-05 23:42:41.86476,,,,,,f,,question,1,1,instr,42
2,2018-05-05 23:42:41.884609,,,,,,f,,question,1,2,engagement,5
3,2018-05-05 23:42:41.907249,,,,,,f,,question,1,3,language,""
4,2018-05-05 23:42:41.923997,,,,,,f,,question,1,4,edu,42
5,2018-05-05 23:42:41.94161,,,,,,f,,question,1,5,gender,42
6,2018-05-05 23:42:41.963401,,,,,,f,,question,1,6,age,""
7,2018-05-05 23:42:41.979386,,,,,,f,,question,1,7,enjoy,42
8,2018-05-05 23:42:41.99816,,,,,,f,,question,1,8,comments,""
9,2018-05-05 23:42:42.019063,,,,,,f,,question,1,9,"",""
10,2018-05-05 23:42:42.039599,,,,,,f,,question,1,10,"",""
11,2018-05-05 23:42:54.2925,,,,,,f,,question,2,1,instr,42
12,2018-05-05 23:42:54.31337,,,,,,f,,question,2,2,engagement,5
13,2018-05-05 23:42:54.339511,,,,,,f,,question,2,3,language,""
14,2018-05-05 23:42:54.362516,,,,,,f,,question,2,4,edu,42
