id,creation_time,property1,property2,property3,property4,property5,failed,time_of_death,type,origin_id,network_id,contents
1,2018-05-06 12:47:14.394104,,,,,,f,,info,1,1,"On January 15, 2018, a woman (66 years old) without a ticket and passport slipped through airport security and took a flight from Chicago to London. 

The woman entered Chicago O’Hare International Airport on January 14. First, she hid her face with her hair and passed two Transportation Security Administration officers who were controlling other passenger’s boarding passes. After she was screened, she wanted to board a flight to Connecticut but failed. When the woman tried to sneak past the gate agent, she was stopped and directed to sit down. She stayed overnight at the airport and rode a shuttle bus to the international gate the next day, even though a passport and plane ticket are required to board the shuttle. She then entered a plane to Heathrow Airport (London), where she was detained by British customs officials. She arrived back in the United States on January 18. The woman is charged with theft and misdemeanor for trespassing."
2,2018-05-06 12:47:19.250216,,,,,,f,,info,2,1,lkj
3,2018-05-06 12:47:40.775023,,,,,,f,,info,3,1,kjn
